[{"name":"Discord Support","color":3066993,"hoist":false,"position":30,"permissions":"2171374259907","mentionable":false},{"name":"System Administrator","color":0,"hoist":false,"position":37,"permissions":"28587302317823","mentionable":true},{"name":"Office Of The CEO","color":8069026,"hoist":true,"position":38,"permissions":"1071698529857","mentionable":false},{"name":"Company Staff","color":3447003,"hoist":true,"position":36,"permissions":"1071698529857","mentionable":false},{"name":"FadedServers","color":3447003,"hoist":false,"position":11,"permissions":"0","mentionable":false},{"name":"Minecaft SMP Crew","color":0,"hoist":false,"position":10,"permissions":"0","mentionable":false},{"name":"Bots","color":0,"hoist":true,"position":22,"permissions":"1071727898305","mentionable":false},{"name":"Donator","color":15844367,"hoist":true,"position":21,"permissions":"1071698529857","mentionable":false},{"name":"Member","color":0,"hoist":true,"position":12,"permissions":"282546675240512","mentionable":false},{"name":"Member","color":0,"hoist":true,"position":14,"permissions":"282546675240512","mentionable":false},{"name":"Development Team","color":15844367,"hoist":true,"position":33,"permissions":"1071698529857","mentionable":false},{"name":"Game Servers","color":15105570,"hoist":true,"position":35,"permissions":"1071631552192","mentionable":false},{"name":"Development Bot","color":0,"hoist":false,"position":3,"permissions":"2108859006582527","mentionable":false},{"name":"Game Staff","color":1146986,"hoist":true,"position":17,"permissions":"0","mentionable":false},{"name":"Game Servers","color":15105570,"hoist":true,"position":43,"permissions":"1071631552192","mentionable":false},{"name":"Discord Staff","color":0,"hoist":true,"position":28,"permissions":"0","mentionable":true},{"name":"FadedServers","color":3447003,"hoist":false,"position":19,"permissions":"0","mentionable":false},{"name":"Discord Moderator","color":1752220,"hoist":false,"position":31,"permissions":"2188822048455","mentionable":false},{"name":"@everyone","color":0,"hoist":false,"position":2,"permissions":"2248473465835073","mentionable":false},{"name":"@everyone","color":0,"hoist":false,"position":6,"permissions":"2222085186637377","mentionable":false},{"name":"Discord Administrator","color":0,"hoist":false,"position":42,"permissions":"1998912139292671","mentionable":true},{"name":"Bots","color":0,"hoist":true,"position":20,"permissions":"1071727898305","mentionable":false},{"name":"Mommers Co","color":3447003,"hoist":true,"position":44,"permissions":"873012232449791","mentionable":false},{"name":"Discord Administrator","color":0,"hoist":false,"position":46,"permissions":"1998912139292671","mentionable":true},{"name":"Development Bot","color":0,"hoist":false,"position":4,"permissions":"8","mentionable":false},{"name":"admin","color":0,"hoist":false,"position":5,"permissions":"8","mentionable":false},{"name":"System Administrator","color":0,"hoist":false,"position":45,"permissions":"28587302317823","mentionable":true},{"name":"Company Staff","color":3447003,"hoist":true,"position":32,"permissions":"1071698529857","mentionable":false},{"name":"Lofi Radio","color":0,"hoist":false,"position":8,"permissions":"66407488","mentionable":false},{"name":"Donator","color":15844367,"hoist":true,"position":16,"permissions":"1071698529857","mentionable":false},{"name":"FiveM","color":0,"hoist":false,"position":40,"permissions":"388761767104","mentionable":false},{"name":"Astrix World","color":0,"hoist":false,"position":24,"permissions":"939532464","mentionable":false},{"name":"Development Team","color":15844367,"hoist":true,"position":29,"permissions":"1071698529857","mentionable":false},{"name":"Discord Moderator","color":1752220,"hoist":false,"position":27,"permissions":"2188822048455","mentionable":false},{"name":"Development Bot","color":0,"hoist":false,"position":9,"permissions":"8","mentionable":false},{"name":"Memer","color":0,"hoist":false,"position":1,"permissions":"0","mentionable":false},{"name":"Game Staff","color":1146986,"hoist":true,"position":26,"permissions":"0","mentionable":false},{"name":"Astrix World","color":0,"hoist":false,"position":41,"permissions":"939532464","mentionable":false},{"name":"Discord Staff","color":0,"hoist":true,"position":15,"permissions":"0","mentionable":true},{"name":"FiveM","color":0,"hoist":false,"position":23,"permissions":"388761767104","mentionable":false},{"name":"Arma-Life","color":0,"hoist":true,"position":7,"permissions":"8","mentionable":false},{"name":"Discord Support","color":3066993,"hoist":false,"position":25,"permissions":"2171374259907","mentionable":false},{"name":"Lofi Radio","color":0,"hoist":false,"position":13,"permissions":"66407488","mentionable":false},{"name":"@everyone","color":0,"hoist":false,"position":0,"permissions":"2222085186637377","mentionable":false},{"name":"Mommers Co","color":3447003,"hoist":true,"position":39,"permissions":"873012232449791","mentionable":false},{"name":"Office Of The CEO","color":8069026,"hoist":true,"position":34,"permissions":"1071698529857","mentionable":false},{"name":"Minecaft SMP Crew","color":0,"hoist":false,"position":18,"permissions":"0","mentionable":false},{"name":"@everyone","color":0,"hoist":false,"position":0,"permissions":"2222085186637377","mentionable":false},{"name":"Discord Administrator","color":0,"hoist":false,"position":2,"permissions":"420009146318591","mentionable":false},{"name":"Mommers Co","color":0,"hoist":true,"position":1,"permissions":"8","mentionable":false}]
