[{"guildId":"1262731510935457803","logs":[{"id":"1277517333555974144","action":121,"executorId":"252354071380361218","targetId":"1277513444911747075","changes":[{"key":"1262731510935457803","new":{"id":"1262731510935457803","type":1,"permission":true}}],"reason":null},{"id":"1277517273367576576","action":121,"executorId":"252354071380361218","targetId":"1277513444911747074","changes":[{"key":"1262731510935457803","new":{"id":"1262731510935457803","type":1,"permission":true}}],"reason":null},{"id":"1277516041802612807","action":121,"executorId":"252354071380361218","targetId":"1277513444911747073","changes":[{"key":"1277511469734301706","new":{"id":"1277511469734301706","type":1,"permission":true}}],"reason":null},{"id":"1277515975251591262","action":121,"executorId":"252354071380361218","targetId":"1261692806561533972","changes":[{"key":"1277511469734301706","new":{"id":"1277511469734301706","type":1,"permission":true}}],"reason":null},{"id":"1277515794162516013","action":31,"executorId":"252354071380361218","targetId":"1277511635694649366","changes":[{"key":"permissions","old":"8","new":"2108859006582527"}],"reason":null},{"id":"1277512439444803596","action":11,"executorId":"252354071380361218","targetId":"1262731511556345980","changes":[{"key":"name","old":"general","new":"everything-logs"}],"reason":null},{"id":"1277512408088182875","action":10,"executorId":"252354071380361218","targetId":"1277512408088182874","changes":[{"key":"name","new":"general2"},{"key":"type","new":0},{"key":"permission_overwrites","new":[]},{"key":"nsfw","new":false},{"key":"rate_limit_per_user","new":0},{"key":"flags","new":0}],"reason":null},{"id":"1277512355709718552","action":31,"executorId":"252354071380361218","targetId":"1277512334931132427","changes":[{"key":"name","old":"new role","new":"Memer"}],"reason":null},{"id":"1277512334931132428","action":30,"executorId":"252354071380361218","targetId":"1277512334931132427","changes":[{"key":"name","new":"new role"},{"key":"permissions","new":"0"},{"key":"color","new":0},{"key":"hoist","new":false},{"key":"mentionable","new":false}],"reason":null},{"id":"1277511635694649367","action":28,"executorId":"730034921355345982","targetId":"1261692806561533972","changes":[],"reason":null},{"id":"1277511635694649364","action":80,"executorId":"730034921355345982","targetId":"1277511634201350258","changes":[{"key":"type","new":"discord"},{"key":"name","new":"Development Bot"}],"reason":null},{"id":"1277511538390990849","action":25,"executorId":"730034921355345982","targetId":"730034921355345982","changes":[{"key":"$add","new":[{"name":"admin","id":"1277511469734301706"}]}],"reason":null},{"id":"1277511527519354881","action":25,"executorId":"730034921355345982","targetId":"252354071380361218","changes":[{"key":"$add","new":[{"name":"admin","id":"1277511469734301706"}]}],"reason":null},{"id":"1277511506824663073","action":31,"executorId":"730034921355345982","targetId":"1277511469734301706","changes":[{"key":"permissions","old":"0","new":"8"}],"reason":null},{"id":"1277511488952602677","action":31,"executorId":"730034921355345982","targetId":"1277511469734301706","changes":[{"key":"name","old":"new role","new":"admin"}],"reason":null},{"id":"1277511469734301707","action":30,"executorId":"730034921355345982","targetId":"1277511469734301706","changes":[{"key":"name","new":"new role"},{"key":"permissions","new":"0"},{"key":"color","new":0},{"key":"hoist","new":false},{"key":"mentionable","new":false}],"reason":null},{"id":"1277511429049811055","action":1,"executorId":"252354071380361218","targetId":"1262731510935457803","changes":[{"key":"owner_id","old":"252354071380361218","new":"730034921355345982"}],"reason":null},{"id":"1277510995111182357","action":40,"executorId":"252354071380361218","changes":[{"key":"code","new":"kv9sfsQS"},{"key":"channel_id","new":"1262731511556345980"},{"key":"inviter_id","new":"252354071380361218"},{"key":"uses","new":0},{"key":"max_uses","new":1},{"key":"max_age","new":86400},{"key":"temporary","new":false},{"key":"flags","new":0}],"reason":null},{"id":"1263012509397291133","action":31,"executorId":"252354071380361218","targetId":"1262731722785820736","changes":[{"key":"mentionable","old":true,"new":false},{"key":"hoist","old":false,"new":true}],"reason":null},{"id":"1263012460156289087","action":31,"executorId":"252354071380361218","targetId":"1262731722785820736","changes":[{"key":"mentionable","old":false,"new":true}],"reason":null},{"id":"1262731796785791027","action":10,"executorId":"252354071380361218","targetId":"1262731796785791026","changes":[{"key":"name","new":"serverstatus"},{"key":"type","new":0},{"key":"permission_overwrites","new":[]},{"key":"nsfw","new":false},{"key":"rate_limit_per_user","new":0},{"key":"flags","new":0}],"reason":null},{"id":"1262731723330818140","action":28,"executorId":"252354071380361218","targetId":"1063980802666418309","changes":[],"reason":null},{"id":"1262731722785820734","action":80,"executorId":"252354071380361218","targetId":"1262731722315923548","changes":[{"key":"type","new":"discord"},{"key":"name","new":"Arma-Life"}],"reason":null}]},{"guildId":"969241414561062943","logs":[{"id":"1277517662536339457","action":25,"executorId":"730034921355345982","targetId":"1261692806561533972","changes":[{"key":"$add","new":[{"name":"Mommers Co","id":"969395983718940675"}]}],"reason":null},{"id":"1277517619406180383","action":28,"executorId":"730034921355345982","targetId":"1261692806561533972","changes":[],"reason":null},{"id":"1277517618324176919","action":80,"executorId":"730034921355345982","targetId":"1277517618324176916","changes":[{"key":"type","new":"discord"},{"key":"name","new":"Development Bot"}],"reason":null},{"id":"1277510557792210976","action":50,"executorId":"730034921355345982","targetId":"1277510557792210975","changes":[{"key":"channel_id","new":"969242213437546567"},{"key":"name","new":"Discord Developers #developer-news"},{"key":"type","new":2}],"reason":null},{"id":"1276786392961257563","action":20,"executorId":"730034921355345982","targetId":"472908022746841097","changes":[],"reason":null},{"id":"1276786349135101963","action":25,"executorId":"252354071380361218","targetId":"472908022746841097","changes":[{"key":"$remove","new":[{"name":"System Administrator","id":"972359999714111528"}]}],"reason":null},{"id":"1275993598763995238","action":25,"executorId":"969393087568822323","targetId":"346086349822230529","changes":[{"key":"$add","new":[{"name":"Member","id":"976275979154620426"}]}],"reason":null},{"id":"1275846347270000652","action":25,"executorId":"730034921355345982","targetId":"252354071380361218","changes":[{"key":"$add","new":[{"name":"Company Staff","id":"969244796713574421"}]}],"reason":null},{"id":"1275846338151710724","action":25,"executorId":"730034921355345982","targetId":"252354071380361218","changes":[{"key":"$add","new":[{"name":"Office Of The CEO","id":"969243939649499186"}]}],"reason":null},{"id":"1275846327066034226","action":25,"executorId":"730034921355345982","targetId":"252354071380361218","changes":[{"key":"$add","new":[{"name":"Discord Administrator","id":"969245316266225705"}]}],"reason":null},{"id":"1275834455625306122","action":25,"executorId":"969393087568822323","targetId":"252354071380361218","changes":[{"key":"$add","new":[{"name":"Member","id":"976275979154620426"}]}],"reason":null},{"id":"1275825260809425049","action":11,"executorId":"730034921355345982","targetId":"1275698904666738729","changes":[{"key":"name","old":"logy","new":"moderation-logs"}],"reason":null},{"id":"1275825227707973644","action":11,"executorId":"730034921355345982","targetId":"974623329002610689","changes":[{"key":"name","old":"moderation-logs","new":"audit-logs"}],"reason":null},{"id":"1275825194728165530","action":11,"executorId":"730034921355345982","targetId":"1275698904666738729","changes":[{"key":"name","old":"audit-logs","new":"logy"}],"reason":null},{"id":"1275824820176814172","action":25,"executorId":"730034921355345982","targetId":"246605732131241984","changes":[{"key":"$add","new":[{"name":"Discord Administrator","id":"969245316266225705"}]}],"reason":null},{"id":"1275824719391756400","action":25,"executorId":"730034921355345982","targetId":"730034921355345982","changes":[{"key":"$add","new":[{"name":"System Administrator","id":"972359999714111528"}]}],"reason":null},{"id":"1275824709895979029","action":25,"executorId":"730034921355345982","targetId":"730034921355345982","changes":[{"key":"$remove","new":[{"name":"System Administrator","id":"972359999714111528"}]}],"reason":null},{"id":"1275824683249434698","action":25,"executorId":"730034921355345982","targetId":"252354071380361218","changes":[{"key":"$add","new":[{"name":"Company Staff","id":"969244796713574421"}]}],"reason":null},{"id":"1275824655621685259","action":25,"executorId":"730034921355345982","targetId":"252354071380361218","changes":[{"key":"$add","new":[{"name":"Office Of The CEO","id":"969243939649499186"}]}],"reason":null},{"id":"1275824642950561855","action":25,"executorId":"730034921355345982","targetId":"252354071380361218","changes":[{"key":"$add","new":[{"name":"Discord Administrator","id":"969245316266225705"}]}],"reason":null},{"id":"1275824536851578944","action":25,"executorId":"969393087568822323","targetId":"246605732131241984","changes":[{"key":"$add","new":[{"name":"Member","id":"976275979154620426"}]}],"reason":null},{"id":"1275823710636609709","action":20,"executorId":"730034921355345982","targetId":"246605732131241984","changes":[],"reason":null},{"id":"1275823360680529981","action":20,"executorId":"730034921355345982","targetId":"246605732131241984","changes":[],"reason":null},{"id":"1275812652035346524","action":25,"executorId":"969393087568822323","targetId":"252354071380361218","changes":[{"key":"$add","new":[{"name":"Member","id":"976275979154620426"}]}],"reason":null},{"id":"1275812430772965519","action":25,"executorId":"969393087568822323","targetId":"252354071380361218","changes":[{"key":"$add","new":[{"name":"Member","id":"976275979154620426"}]}],"reason":null},{"id":"1275811173195059325","action":25,"executorId":"969393087568822323","targetId":"252354071380361218","changes":[{"key":"$add","new":[{"name":"Member","id":"976275979154620426"}]}],"reason":null},{"id":"1275809735119081546","action":25,"executorId":"969393087568822323","targetId":"252354071380361218","changes":[{"key":"$add","new":[{"name":"Member","id":"976275979154620426"}]}],"reason":null},{"id":"1275807573060091957","action":25,"executorId":"969393087568822323","targetId":"252354071380361218","changes":[{"key":"$add","new":[{"name":"Member","id":"976275979154620426"}]}],"reason":null},{"id":"1275807053096554569","action":25,"executorId":"969393087568822323","targetId":"252354071380361218","changes":[{"key":"$add","new":[{"name":"Member","id":"976275979154620426"}]}],"reason":null},{"id":"1275699023705276553","action":14,"executorId":"252354071380361218","targetId":"974623329002610689","changes":[{"key":"allow","old":"1024","new":"0"},{"key":"deny","old":"2049","new":"3073"}],"reason":null},{"id":"1275699022073561119","action":14,"executorId":"252354071380361218","targetId":"974623329002610689","changes":[{"key":"allow","old":"1024","new":"0"},{"key":"deny","old":"2049","new":"3073"}],"reason":null},{"id":"1275699020655755264","action":14,"executorId":"252354071380361218","targetId":"974623329002610689","changes":[{"key":"deny","old":"0","new":"1024"},{"key":"allow","old":"1049600","new":"1048576"}],"reason":null},{"id":"1275698980059222068","action":14,"executorId":"252354071380361218","targetId":"1275698904666738729","changes":[{"key":"deny","old":"0","new":"1024"},{"key":"allow","old":"1049600","new":"1048576"}],"reason":null},{"id":"1275698978515845194","action":14,"executorId":"252354071380361218","targetId":"1275698904666738729","changes":[{"key":"deny","old":"0","new":"1024"},{"key":"allow","old":"1049600","new":"1048576"}],"reason":null},{"id":"1275698977009827914","action":14,"executorId":"252354071380361218","targetId":"1275698904666738729","changes":[{"key":"deny","old":"0","new":"1024"},{"key":"allow","old":"1049600","new":"1048576"}],"reason":null},{"id":"1275698925181079615","action":12,"executorId":"252354071380361218","targetId":"975358381613277294","changes":[{"key":"name","old":"log"},{"key":"type","old":0},{"key":"permission_overwrites","old":[{"id":"970178359667601449","type":0,"allow":"1024","deny":"0"},{"id":"972360304988135424","type":0,"allow":"1024","deny":"0"},{"id":"969395983718940675","type":0,"allow":"2048","deny":"0"},{"id":"969241414561062943","type":0,"allow":"0","deny":"1024"},{"id":"969245316266225705","type":0,"allow":"0","deny":"0"}]},{"key":"nsfw","old":false},{"key":"rate_limit_per_user","old":0},{"key":"available_tags","old":[]},{"key":"flags","old":0},{"key":"icon_emoji","old":{"id":null,"name":"📜"}}],"reason":null},{"id":"1275698904666738730","action":10,"executorId":"252354071380361218","targetId":"1275698904666738729","changes":[{"key":"name","new":"audit-logs"},{"key":"type","new":0},{"key":"permission_overwrites","new":[{"id":"1088608780427735121","type":0,"allow":"1049600","deny":"0"},{"id":"969244796713574421","type":0,"allow":"1049600","deny":"0"},{"id":"1215448015381336084","type":0,"allow":"1049600","deny":"0"},{"id":"969395983718940675","type":0,"allow":"0","deny":"0"},{"id":"969243939649499186","type":0,"allow":"1049600","deny":"0"},{"id":"970178359667601449","type":0,"allow":"1049600","deny":"0"},{"id":"969241414561062943","type":0,"allow":"0","deny":"1049600"},{"id":"969245316266225705","type":0,"allow":"0","deny":"0"}]},{"key":"nsfw","new":false},{"key":"rate_limit_per_user","new":0},{"key":"flags","new":0}],"reason":null},{"id":"1275695455774179360","action":10,"executorId":"252354071380361218","targetId":"1275695455774179359","changes":[{"key":"name","new":"suggestions"},{"key":"type","new":15},{"key":"permission_overwrites","new":[]},{"key":"available_tags","new":[]},{"key":"template","new":""},{"key":"flags","new":0}],"reason":null},{"id":"1275695301578981397","action":12,"executorId":"252354071380361218","targetId":"976361270674595850","changes":[{"key":"name","old":"ticket-300"},{"key":"type","old":0},{"key":"permission_overwrites","old":[{"id":"969244796713574421","type":0,"allow":"1049600","deny":"0"},{"id":"972360711646871572","type":0,"allow":"1049600","deny":"0"},{"id":"972359999714111528","type":0,"allow":"0","deny":"0"},{"id":"972360428757876807","type":0,"allow":"1049600","deny":"0"},{"id":"969395983718940675","type":0,"allow":"0","deny":"0"},{"id":"970178359667601449","type":0,"allow":"1049600","deny":"0"},{"id":"969241414561062943","type":0,"allow":"0","deny":"1049600"},{"id":"969245316266225705","type":0,"allow":"0","deny":"0"}]},{"key":"nsfw","old":false},{"key":"rate_limit_per_user","old":0},{"key":"available_tags","old":[]},{"key":"flags","old":0},{"key":"icon_emoji","old":{"id":null,"name":"🎫"}}],"reason":null},{"id":"1275695290959007824","action":12,"executorId":"252354071380361218","targetId":"976361297975337030","changes":[{"key":"name","old":"ticket-299"},{"key":"type","old":0},{"key":"permission_overwrites","old":[{"id":"969244796713574421","type":0,"allow":"1049600","deny":"0"},{"id":"972360711646871572","type":0,"allow":"1049600","deny":"0"},{"id":"972359999714111528","type":0,"allow":"0","deny":"0"},{"id":"972360428757876807","type":0,"allow":"1049600","deny":"0"},{"id":"969395983718940675","type":0,"allow":"0","deny":"0"},{"id":"970178359667601449","type":0,"allow":"1049600","deny":"0"},{"id":"969241414561062943","type":0,"allow":"0","deny":"1049600"},{"id":"969245316266225705","type":0,"allow":"0","deny":"0"}]},{"key":"nsfw","old":false},{"key":"rate_limit_per_user","old":0},{"key":"available_tags","old":[]},{"key":"flags","old":0},{"key":"icon_emoji","old":{"id":null,"name":"🎟️"}}],"reason":null},{"id":"1275695278581878824","action":12,"executorId":"252354071380361218","targetId":"976360891345960961","changes":[{"key":"name","old":"CLOSED TICKETS"},{"key":"type","old":4},{"key":"permission_overwrites","old":[{"id":"969245316266225705","type":0,"allow":"0","deny":"0"},{"id":"972360711646871572","type":0,"allow":"1049600","deny":"0"},{"id":"972359999714111528","type":0,"allow":"0","deny":"0"},{"id":"972360428757876807","type":0,"allow":"1049600","deny":"0"},{"id":"969395983718940675","type":0,"allow":"0","deny":"0"},{"id":"970178359667601449","type":0,"allow":"1049600","deny":"0"},{"id":"969241414561062943","type":0,"allow":"0","deny":"1049600"},{"id":"969244796713574421","type":0,"allow":"1049600","deny":"0"}]},{"key":"flags","old":0}],"reason":null},{"id":"1275695267043348563","action":12,"executorId":"252354071380361218","targetId":"976360765164515328","changes":[{"key":"name","old":"OPEN TICKETS"},{"key":"type","old":4},{"key":"permission_overwrites","old":[{"id":"969245316266225705","type":0,"allow":"0","deny":"0"},{"id":"972360711646871572","type":0,"allow":"1049600","deny":"0"},{"id":"972359999714111528","type":0,"allow":"0","deny":"0"},{"id":"972360428757876807","type":0,"allow":"1049600","deny":"0"},{"id":"969395983718940675","type":0,"allow":"0","deny":"0"},{"id":"970178359667601449","type":0,"allow":"1049600","deny":"0"},{"id":"969241414561062943","type":0,"allow":"0","deny":"1049600"},{"id":"969244796713574421","type":0,"allow":"1049600","deny":"0"}]},{"key":"flags","old":0}],"reason":null},{"id":"1275693998182371419","action":14,"executorId":"252354071380361218","targetId":"969241945811591189","changes":[{"key":"deny","old":"0","new":"2048"},{"key":"allow","old":"0","new":"1024"}],"reason":null},{"id":"1275693980956360705","action":13,"executorId":"252354071380361218","targetId":"969241945811591189","changes":[{"key":"id","new":"972360304988135424"},{"key":"type","new":0},{"key":"allow","new":"0"},{"key":"deny","new":"0"}],"reason":null},{"id":"1272475359832576071","action":10,"executorId":"252354071380361218","targetId":"1272475359832576070","changes":[{"key":"name","new":"dev-quicklinks"},{"key":"type","new":0},{"key":"permission_overwrites","new":[{"id":"969243939649499186","type":0,"allow":"1049600","deny":"0"},{"id":"970178359667601449","type":0,"allow":"1049600","deny":"0"},{"id":"969396079982444594","type":0,"allow":"1049600","deny":"0"},{"id":"969241414561062943","type":0,"allow":"0","deny":"1049600"}]},{"key":"nsfw","new":false},{"key":"rate_limit_per_user","new":0},{"key":"flags","new":0}],"reason":null},{"id":"1271055121354330237","action":31,"executorId":"252354071380361218","targetId":"972359999714111528","changes":[{"key":"mentionable","old":false,"new":true}],"reason":null},{"id":"1270626421894545469","action":72,"executorId":"252354071380361218","targetId":"969393087568822323","changes":[],"reason":null},{"id":"1269968339979993151","action":25,"executorId":"252354071380361218","targetId":"252354071380361218","changes":[{"key":"$add","new":[{"name":"Minecaft SMP Crew","id":"1094448632050241566"}]}],"reason":null},{"id":"1269968284762116097","action":25,"executorId":"252354071380361218","targetId":"252354071380361218","changes":[{"key":"$add","new":[{"name":"Company Staff","id":"969244796713574421"}]}],"reason":null},{"id":"1269968262922244200","action":25,"executorId":"252354071380361218","targetId":"252354071380361218","changes":[{"key":"$add","new":[{"name":"System Administrator","id":"972359999714111528"}]}],"reason":null},{"id":"1269968257675432029","action":25,"executorId":"252354071380361218","targetId":"252354071380361218","changes":[{"key":"$add","new":[{"name":"Office Of The CEO","id":"969243939649499186"}]}],"reason":null},{"id":"1269968223777067069","action":25,"executorId":"730034921355345982","targetId":"252354071380361218","changes":[{"key":"$add","new":[{"name":"Discord Administrator","id":"969245316266225705"}]}],"reason":null},{"id":"1269968218118688799","action":25,"executorId":"730034921355345982","targetId":"252354071380361218","changes":[{"key":"$add","new":[{"name":"Member","id":"976275979154620426"}]}],"reason":null},{"id":"1268690632566767697","action":72,"executorId":"252354071380361218","targetId":"969393087568822323","changes":[],"reason":null},{"id":"1267000678299996288","action":25,"executorId":"252354071380361218","targetId":"154395609908903936","changes":[{"key":"$add","new":[{"name":"System Administrator","id":"972359999714111528"}]}],"reason":null},{"id":"1267000668699361394","action":25,"executorId":"252354071380361218","targetId":"154395609908903936","changes":[{"key":"$add","new":[{"name":"Member","id":"976275979154620426"}]}],"reason":null},{"id":"1264928316691845141","action":72,"executorId":"252354071380361218","targetId":"969393087568822323","changes":[],"reason":null},{"id":"1264928202015641805","action":25,"executorId":"730034921355345982","targetId":"252354071380361218","changes":[{"key":"$add","new":[{"name":"Office Of The CEO","id":"969243939649499186"}]}],"reason":null},{"id":"1264928190426513449","action":25,"executorId":"730034921355345982","targetId":"252354071380361218","changes":[{"key":"$add","new":[{"name":"Company Staff","id":"969244796713574421"}]}],"reason":null},{"id":"1264928183401185371","action":25,"executorId":"730034921355345982","targetId":"252354071380361218","changes":[{"key":"$add","new":[{"name":"System Administrator","id":"972359999714111528"}]}],"reason":null},{"id":"1264928176585572423","action":25,"executorId":"730034921355345982","targetId":"252354071380361218","changes":[{"key":"$add","new":[{"name":"Discord Administrator","id":"969245316266225705"}]}],"reason":null},{"id":"1264928168930967624","action":25,"executorId":"730034921355345982","targetId":"252354071380361218","changes":[{"key":"$add","new":[{"name":"Member","id":"976275979154620426"}]}],"reason":null},{"id":"1264926345872543936","action":72,"executorId":"252354071380361218","targetId":"969393087568822323","changes":[],"reason":null},{"id":"1264923667671027793","action":72,"executorId":"252354071380361218","targetId":"969393087568822323","changes":[],"reason":null},{"id":"1264921755160543333","action":72,"executorId":"252354071380361218","targetId":"969393087568822323","changes":[],"reason":null},{"id":"1264920349301014629","action":72,"executorId":"252354071380361218","targetId":"969393087568822323","changes":[],"reason":null},{"id":"1264905035406381067","action":72,"executorId":"252354071380361218","targetId":"969393087568822323","changes":[],"reason":null},{"id":"1264900733837246586","action":72,"executorId":"252354071380361218","targetId":"969393087568822323","changes":[],"reason":null},{"id":"1264900606691115129","action":72,"executorId":"252354071380361218","targetId":"969393087568822323","changes":[],"reason":null},{"id":"1264899703342891031","action":10,"executorId":"252354071380361218","targetId":"1264899703342891030","changes":[{"key":"name","new":"system-alerts"},{"key":"type","new":0},{"key":"permission_overwrites","new":[{"id":"969243939649499186","type":0,"allow":"1049600","deny":"0"},{"id":"970178359667601449","type":0,"allow":"1049600","deny":"0"},{"id":"969396079982444594","type":0,"allow":"1049600","deny":"0"},{"id":"969241414561062943","type":0,"allow":"0","deny":"1049600"},{"id":"969244796713574421","type":0,"allow":"1049600","deny":"0"}]},{"key":"nsfw","new":false},{"key":"rate_limit_per_user","new":0},{"key":"flags","new":0}],"reason":null},{"id":"1264261408716230781","action":25,"executorId":"730034921355345982","targetId":"730034921355345982","changes":[{"key":"$add","new":[{"name":"System Administrator","id":"972359999714111528"}]}],"reason":null},{"id":"1264261397684949073","action":25,"executorId":"730034921355345982","targetId":"252354071380361218","changes":[{"key":"$add","new":[{"name":"System Administrator","id":"972359999714111528"}]}],"reason":null},{"id":"1264261389145346050","action":25,"executorId":"730034921355345982","targetId":"252354071380361218","changes":[{"key":"$add","new":[{"name":"Minecaft SMP Crew","id":"1094448632050241566"}]}],"reason":null},{"id":"1264261370837336157","action":25,"executorId":"730034921355345982","targetId":"252354071380361218","changes":[{"key":"$add","new":[{"name":"Company Staff","id":"969244796713574421"}]}],"reason":null},{"id":"1264261344207699999","action":25,"executorId":"730034921355345982","targetId":"252354071380361218","changes":[{"key":"$add","new":[{"name":"Office Of The CEO","id":"969243939649499186"}]}],"reason":null},{"id":"1264261332849660015","action":25,"executorId":"730034921355345982","targetId":"252354071380361218","changes":[{"key":"$add","new":[{"name":"Discord Administrator","id":"969245316266225705"}]}],"reason":null},{"id":"1264260232318816358","action":25,"executorId":"969393087568822323","targetId":"252354071380361218","changes":[{"key":"$add","new":[{"name":"Member","id":"976275979154620426"}]}],"reason":null},{"id":"1264259854168625214","action":25,"executorId":"969393087568822323","targetId":"252354071380361218","changes":[{"key":"$add","new":[{"name":"Member","id":"976275979154620426"}]}],"reason":null},{"id":"1264259227472494644","action":25,"executorId":"969393087568822323","targetId":"252354071380361218","changes":[{"key":"$add","new":[{"name":"Member","id":"976275979154620426"}]}],"reason":null},{"id":"1264258729076064257","action":25,"executorId":"969393087568822323","targetId":"252354071380361218","changes":[{"key":"$add","new":[{"name":"Member","id":"976275979154620426"}]}],"reason":null},{"id":"1264254426755891324","action":25,"executorId":"969393087568822323","targetId":"252354071380361218","changes":[{"key":"$add","new":[{"name":"Member","id":"976275979154620426"}]}],"reason":null},{"id":"1264253524947243030","action":25,"executorId":"969393087568822323","targetId":"252354071380361218","changes":[{"key":"$add","new":[{"name":"Member","id":"976275979154620426"}]}],"reason":null},{"id":"1264192210732318802","action":11,"executorId":"730034921355345982","targetId":"974623329002610689","changes":[{"key":"name","old":"discord-logs","new":"moderation-logs"}],"reason":null},{"id":"1264192144420114492","action":72,"executorId":"730034921355345982","targetId":"969393087568822323","changes":[],"reason":null},{"id":"1264184557633011816","action":31,"executorId":"730034921355345982","targetId":"976275979154620426","changes":[{"key":"permissions","old":"1071698529856","new":"282546675240512"}],"reason":null},{"id":"1264184540579106850","action":31,"executorId":"730034921355345982","targetId":"969245316266225705","changes":[{"key":"permissions","old":"1717437162582015","new":"1998912139292671"}],"reason":null},{"id":"1264184520073023561","action":31,"executorId":"730034921355345982","targetId":"969245316266225705","changes":[{"key":"permissions","old":"28587302318079","new":"1717437162582015"}],"reason":null},{"id":"1264184476867629127","action":31,"executorId":"730034921355345982","targetId":"969395983718940675","changes":[{"key":"permissions","old":"310062279028479","new":"873012232449791"}],"reason":null},{"id":"1264184428930924678","action":31,"executorId":"730034921355345982","targetId":"969395983718940675","changes":[{"key":"permissions","old":"28587302317823","new":"310062279028479"}],"reason":null},{"id":"1264174324940542095","action":11,"executorId":"730034921355345982","targetId":"1261825026945187851","changes":[{"key":"name","old":"logs-console","new":"console-logs"}],"reason":null},{"id":"1264174277230460980","action":11,"executorId":"730034921355345982","targetId":"1261825026945187851","changes":[{"key":"name","old":"console-logs","new":"logs-console"}],"reason":null},{"id":"1264171279930626091","action":20,"executorId":"730034921355345982","targetId":"1261692806561533972","changes":[],"reason":null},{"id":"1264171279930626089","action":82,"executorId":"730034921355345982","targetId":"1261693139090149437","changes":[{"key":"type","old":"discord"},{"key":"name","old":"Gateway"}],"reason":null},{"id":"1264011134374117459","action":14,"executorId":"730034921355345982","targetId":"1179272819834638386","changes":[{"key":"allow","old":"549759028800","new":"0"},{"key":"deny","old":"39720663261201","new":"1024"}],"reason":null},{"id":"1264011134374117457","action":13,"executorId":"730034921355345982","targetId":"1179272819834638386","changes":[{"key":"id","new":"976275979154620426"},{"key":"type","new":0},{"key":"allow","new":"1024"},{"key":"deny","new":"0"}],"reason":null},{"id":"1264011093727117443","action":13,"executorId":"730034921355345982","targetId":"969241414561062945","changes":[{"key":"id","new":"969241414561062943"},{"key":"type","new":0},{"key":"allow","new":"0"},{"key":"deny","new":"1024"}],"reason":null},{"id":"1264011092099858463","action":14,"executorId":"730034921355345982","targetId":"969241414561062945","changes":[{"key":"allow","old":"0","new":"1024"}],"reason":null},{"id":"1264011085300629648","action":13,"executorId":"730034921355345982","targetId":"969241414561062945","changes":[{"key":"id","new":"976275979154620426"},{"key":"type","new":0},{"key":"allow","new":"0"},{"key":"deny","new":"0"}],"reason":null},{"id":"1261825026945187852","action":10,"executorId":"252354071380361218","targetId":"1261825026945187851","changes":[{"key":"name","new":"console-logs"},{"key":"type","new":0},{"key":"permission_overwrites","new":[{"id":"969243939649499186","type":0,"allow":"1049600","deny":"0"},{"id":"970178359667601449","type":0,"allow":"1049600","deny":"0"},{"id":"969396079982444594","type":0,"allow":"1049600","deny":"0"},{"id":"969241414561062943","type":0,"allow":"0","deny":"1049600"},{"id":"969244796713574421","type":0,"allow":"1049600","deny":"0"}]},{"key":"nsfw","new":false},{"key":"rate_limit_per_user","new":0},{"key":"flags","new":0}],"reason":null},{"id":"1261818220206362707","action":25,"executorId":"730034921355345982","targetId":"1261692806561533972","changes":[{"key":"$add","new":[{"name":"Mommers Co","id":"969395983718940675"}]}],"reason":null}]}]
