[{"guildId":"1262731510935457803","logs":[{"id":"1277517333555974144","action":121,"executorId":"252354071380361218","targetId":"1277513444911747075","changes":[{"key":"1262731510935457803","new":{"id":"1262731510935457803","type":1,"permission":true}}],"reason":null},{"id":"1277517273367576576","action":121,"executorId":"252354071380361218","targetId":"1277513444911747074","changes":[{"key":"1262731510935457803","new":{"id":"1262731510935457803","type":1,"permission":true}}],"reason":null},{"id":"1277516041802612807","action":121,"executorId":"252354071380361218","targetId":"1277513444911747073","changes":[{"key":"1277511469734301706","new":{"id":"1277511469734301706","type":1,"permission":true}}],"reason":null},{"id":"1277515975251591262","action":121,"executorId":"252354071380361218","targetId":"1261692806561533972","changes":[{"key":"1277511469734301706","new":{"id":"1277511469734301706","type":1,"permission":true}}],"reason":null},{"id":"1277515794162516013","action":31,"executorId":"252354071380361218","targetId":"1277511635694649366","changes":[{"key":"permissions","old":"8","new":"2108859006582527"}],"reason":null},{"id":"1277512439444803596","action":11,"executorId":"252354071380361218","targetId":"1262731511556345980","changes":[{"key":"name","old":"general","new":"everything-logs"}],"reason":null},{"id":"1277512408088182875","action":10,"executorId":"252354071380361218","targetId":"1277512408088182874","changes":[{"key":"name","new":"general2"},{"key":"type","new":0},{"key":"permission_overwrites","new":[]},{"key":"nsfw","new":false},{"key":"rate_limit_per_user","new":0},{"key":"flags","new":0}],"reason":null},{"id":"1277512355709718552","action":31,"executorId":"252354071380361218","targetId":"1277512334931132427","changes":[{"key":"name","old":"new role","new":"Memer"}],"reason":null},{"id":"1277512334931132428","action":30,"executorId":"252354071380361218","targetId":"1277512334931132427","changes":[{"key":"name","new":"new role"},{"key":"permissions","new":"0"},{"key":"color","new":0},{"key":"hoist","new":false},{"key":"mentionable","new":false}],"reason":null},{"id":"1277511635694649367","action":28,"executorId":"730034921355345982","targetId":"1261692806561533972","changes":[],"reason":null},{"id":"1277511635694649364","action":80,"executorId":"730034921355345982","targetId":"1277511634201350258","changes":[{"key":"type","new":"discord"},{"key":"name","new":"Development Bot"}],"reason":null},{"id":"1277511538390990849","action":25,"executorId":"730034921355345982","targetId":"730034921355345982","changes":[{"key":"$add","new":[{"name":"admin","id":"1277511469734301706"}]}],"reason":null},{"id":"1277511527519354881","action":25,"executorId":"730034921355345982","targetId":"252354071380361218","changes":[{"key":"$add","new":[{"name":"admin","id":"1277511469734301706"}]}],"reason":null},{"id":"1277511506824663073","action":31,"executorId":"730034921355345982","targetId":"1277511469734301706","changes":[{"key":"permissions","old":"0","new":"8"}],"reason":null},{"id":"1277511488952602677","action":31,"executorId":"730034921355345982","targetId":"1277511469734301706","changes":[{"key":"name","old":"new role","new":"admin"}],"reason":null},{"id":"1277511469734301707","action":30,"executorId":"730034921355345982","targetId":"1277511469734301706","changes":[{"key":"name","new":"new role"},{"key":"permissions","new":"0"},{"key":"color","new":0},{"key":"hoist","new":false},{"key":"mentionable","new":false}],"reason":null},{"id":"1277511429049811055","action":1,"executorId":"252354071380361218","targetId":"1262731510935457803","changes":[{"key":"owner_id","old":"252354071380361218","new":"730034921355345982"}],"reason":null},{"id":"1277510995111182357","action":40,"executorId":"252354071380361218","changes":[{"key":"code","new":"kv9sfsQS"},{"key":"channel_id","new":"1262731511556345980"},{"key":"inviter_id","new":"252354071380361218"},{"key":"uses","new":0},{"key":"max_uses","new":1},{"key":"max_age","new":86400},{"key":"temporary","new":false},{"key":"flags","new":0}],"reason":null},{"id":"1263012509397291133","action":31,"executorId":"252354071380361218","targetId":"1262731722785820736","changes":[{"key":"mentionable","old":true,"new":false},{"key":"hoist","old":false,"new":true}],"reason":null},{"id":"1263012460156289087","action":31,"executorId":"252354071380361218","targetId":"1262731722785820736","changes":[{"key":"mentionable","old":false,"new":true}],"reason":null},{"id":"1262731796785791027","action":10,"executorId":"252354071380361218","targetId":"1262731796785791026","changes":[{"key":"name","new":"serverstatus"},{"key":"type","new":0},{"key":"permission_overwrites","new":[]},{"key":"nsfw","new":false},{"key":"rate_limit_per_user","new":0},{"key":"flags","new":0}],"reason":null},{"id":"1262731723330818140","action":28,"executorId":"252354071380361218","targetId":"1063980802666418309","changes":[],"reason":null},{"id":"1262731722785820734","action":80,"executorId":"252354071380361218","targetId":"1262731722315923548","changes":[{"key":"type","new":"discord"},{"key":"name","new":"Arma-Life"}],"reason":null}]}]
