[{"id":"1262731511556345977","name":"Text channels","type":4,"position":0,"parent":null,"permissionOverwrites":[]},{"id":"1262731511556345979","name":"Voice channels","type":4,"position":1,"parent":null,"permissionOverwrites":[]},{"id":"1262731511556345980","name":"everything-logs","type":0,"position":0,"parent":"1262731511556345977","permissionOverwrites":[]},{"id":"1262731511556345981","name":"General","type":2,"position":0,"parent":"1262731511556345979","permissionOverwrites":[]},{"id":"1262731796785791026","name":"serverstatus","type":0,"position":2,"parent":"1262731511556345977","permissionOverwrites":[]},{"id":"1277512408088182874","name":"general2","type":0,"position":1,"parent":"1262731511556345977","permissionOverwrites":[]}]
