[{"id":"1262731510935457803","name":"@everyone","color":0,"hoist":false,"position":0,"permissions":"2248473465835073","mentionable":false},{"id":"1262731722785820736","name":"Arma-Life","color":0,"hoist":true,"position":4,"permissions":"8","mentionable":false},{"id":"1277511469734301706","name":"admin","color":0,"hoist":false,"position":3,"permissions":"8","mentionable":false},{"id":"1277511635694649366","name":"Development Bot","color":0,"hoist":false,"position":2,"permissions":"2108859006582527","mentionable":false},{"id":"1277512334931132427","name":"Memer","color":0,"hoist":false,"position":1,"permissions":"0","mentionable":false}]
