[{"name":"suggestions","type":15,"position":7,"parent":"969241414561062944","permissionOverwrites":[]},{"name":"Lounge","type":2,"position":0,"parent":"969241414561062945","permissionOverwrites":[{"id":"969396079982444594","type":0,"allow":"1024","deny":"0"},{"id":"969241414561062943","type":0,"allow":"0","deny":"1024"},{"id":"976275979154620426","type":0,"allow":"1024","deny":"0"}]},{"name":"Minecraft SMP","type":4,"position":3,"parent":null,"permissionOverwrites":[{"id":"1088608780427735121","type":0,"allow":"1049600","deny":"0"},{"id":"972360711646871572","type":0,"allow":"1049600","deny":"0"},{"id":"972360428757876807","type":0,"allow":"1049600","deny":"0"},{"id":"1094448632050241566","type":0,"allow":"40271798062656","deny":"408051265793"},{"id":"969243939649499186","type":0,"allow":"1049600","deny":"0"},{"id":"970178359667601449","type":0,"allow":"1049600","deny":"0"},{"id":"969396079982444594","type":0,"allow":"1049600","deny":"0"},{"id":"969241414561062943","type":0,"allow":"0","deny":"1049600"},{"id":"969244796713574421","type":0,"allow":"1049600","deny":"0"}]},{"name":"staff-info","type":0,"position":3,"parent":"972359280076423169","permissionOverwrites":[{"id":"1088608780427735121","type":0,"allow":"1049600","deny":"0"},{"id":"1215448015381336084","type":0,"allow":"1049600","deny":"0"},{"id":"969245316266225705","type":0,"allow":"0","deny":"0"},{"id":"969395983718940675","type":0,"allow":"0","deny":"0"},{"id":"969243939649499186","type":0,"allow":"1049600","deny":"0"},{"id":"970178359667601449","type":0,"allow":"1049600","deny":"0"},{"id":"969241414561062943","type":0,"allow":"0","deny":"1049600"},{"id":"969244796713574421","type":0,"allow":"1049600","deny":"0"}]},{"name":"dev-quicklinks","type":0,"position":2,"parent":"969417007109910568","permissionOverwrites":[{"id":"969243939649499186","type":0,"allow":"1049600","deny":"0"},{"id":"970178359667601449","type":0,"allow":"1049600","deny":"0"},{"id":"969396079982444594","type":0,"allow":"1049600","deny":"0"},{"id":"969241414561062943","type":0,"allow":"0","deny":"1049600"}]},{"name":"FiveM Console","type":4,"position":8,"parent":null,"permissionOverwrites":[{"id":"969395983718940675","type":0,"allow":"1024","deny":"0"},{"id":"1165570117900443768","type":0,"allow":"1024","deny":"0"},{"id":"969243939649499186","type":0,"allow":"1049600","deny":"0"},{"id":"970178359667601449","type":0,"allow":"0","deny":"0"},{"id":"969241414561062943","type":0,"allow":"0","deny":"1049600"},{"id":"969244796713574421","type":0,"allow":"1049600","deny":"0"}]},{"name":"staff-chat","type":0,"position":7,"parent":"972359280076423169","permissionOverwrites":[{"id":"1088608780427735121","type":0,"allow":"1049600","deny":"0"},{"id":"969244796713574421","type":0,"allow":"1049600","deny":"0"},{"id":"1215448015381336084","type":0,"allow":"1049600","deny":"0"},{"id":"969395983718940675","type":0,"allow":"0","deny":"0"},{"id":"969243939649499186","type":0,"allow":"1049600","deny":"0"},{"id":"970178359667601449","type":0,"allow":"1049600","deny":"0"},{"id":"969241414561062943","type":0,"allow":"0","deny":"1049600"},{"id":"969245316266225705","type":0,"allow":"0","deny":"0"}]},{"name":"system-console","type":0,"position":1,"parent":"969422142691229716","permissionOverwrites":[{"id":"969243939649499186","type":0,"allow":"1049600","deny":"0"},{"id":"970178359667601449","type":0,"allow":"1049600","deny":"0"},{"id":"969396079982444594","type":0,"allow":"1049600","deny":"0"},{"id":"969241414561062943","type":0,"allow":"0","deny":"1049600"},{"id":"969244796713574421","type":0,"allow":"1049600","deny":"0"}]},{"name":"sa-chat","type":0,"position":5,"parent":"972359280076423169","permissionOverwrites":[{"id":"969243939649499186","type":0,"allow":"1024","deny":"0"},{"id":"970178359667601449","type":0,"allow":"1024","deny":"0"},{"id":"969241414561062943","type":0,"allow":"0","deny":"1024"}]},{"name":"self-promotion","type":0,"position":3,"parent":"969241414561062945","permissionOverwrites":[{"id":"969396079982444594","type":0,"allow":"1024","deny":"0"},{"id":"969241414561062943","type":0,"allow":"0","deny":"1024"},{"id":"976275979154620426","type":0,"allow":"1024","deny":"0"}]},{"name":"Support Team","type":4,"position":0,"parent":null,"permissionOverwrites":[]},{"name":"ds-staff","type":0,"position":8,"parent":"972359280076423169","permissionOverwrites":[{"id":"969244796713574421","type":0,"allow":"1049600","deny":"0"},{"id":"972360711646871572","type":0,"allow":"1024","deny":"0"},{"id":"972360428757876807","type":0,"allow":"1024","deny":"0"},{"id":"969395983718940675","type":0,"allow":"0","deny":"0"},{"id":"969243939649499186","type":0,"allow":"1049600","deny":"0"},{"id":"970178359667601449","type":0,"allow":"1049600","deny":"0"},{"id":"969241414561062943","type":0,"allow":"0","deny":"1049600"},{"id":"969245316266225705","type":0,"allow":"0","deny":"0"}]},{"name":"Minecraft Console","type":4,"position":7,"parent":null,"permissionOverwrites":[{"id":"1088608780427735121","type":0,"allow":"1049600","deny":"0"},{"id":"969243939649499186","type":0,"allow":"1049600","deny":"0"},{"id":"969396079982444594","type":0,"allow":"1049600","deny":"0"},{"id":"970178359667601449","type":0,"allow":"1049600","deny":"0"},{"id":"969241414561062943","type":0,"allow":"0","deny":"1049600"}]},{"name":"system-alerts","type":0,"position":0,"parent":"969422142691229716","permissionOverwrites":[{"id":"969243939649499186","type":0,"allow":"1049600","deny":"0"},{"id":"970178359667601449","type":0,"allow":"1049600","deny":"0"},{"id":"969396079982444594","type":0,"allow":"1049600","deny":"0"},{"id":"969241414561062943","type":0,"allow":"0","deny":"1049600"},{"id":"969244796713574421","type":0,"allow":"1049600","deny":"0"}]},{"name":"fivem-logs","type":0,"position":0,"parent":"1165565982039867452","permissionOverwrites":[{"id":"969395983718940675","type":0,"allow":"1024","deny":"0"},{"id":"1165570117900443768","type":0,"allow":"1024","deny":"0"},{"id":"969243939649499186","type":0,"allow":"1049600","deny":"0"},{"id":"970178359667601449","type":0,"allow":"0","deny":"0"},{"id":"969241414561062943","type":0,"allow":"0","deny":"1049600"},{"id":"969244796713574421","type":0,"allow":"1049600","deny":"0"}]},{"name":"console-logs","type":0,"position":6,"parent":"969422142691229716","permissionOverwrites":[{"id":"969243939649499186","type":0,"allow":"1049600","deny":"0"},{"id":"970178359667601449","type":0,"allow":"1049600","deny":"0"},{"id":"969396079982444594","type":0,"allow":"1049600","deny":"0"},{"id":"969241414561062943","type":0,"allow":"0","deny":"1049600"},{"id":"969244796713574421","type":0,"allow":"1049600","deny":"0"}]},{"name":"media","type":0,"position":1,"parent":"969241414561062945","permissionOverwrites":[{"id":"969396079982444594","type":0,"allow":"1024","deny":"0"},{"id":"969241414561062943","type":0,"allow":"0","deny":"1024"},{"id":"976275979154620426","type":0,"allow":"1024","deny":"0"}]},{"name":"fivem-restarts","type":0,"position":1,"parent":"1165565982039867452","permissionOverwrites":[{"id":"969395983718940675","type":0,"allow":"1024","deny":"0"},{"id":"1165570117900443768","type":0,"allow":"1024","deny":"0"},{"id":"969243939649499186","type":0,"allow":"1049600","deny":"0"},{"id":"970178359667601449","type":0,"allow":"0","deny":"0"},{"id":"969241414561062943","type":0,"allow":"0","deny":"1049600"},{"id":"969244796713574421","type":0,"allow":"1049600","deny":"0"}]},{"name":"git","type":0,"position":3,"parent":"969417007109910568","permissionOverwrites":[{"id":"969243939649499186","type":0,"allow":"1049600","deny":"0"},{"id":"970178359667601449","type":0,"allow":"1049600","deny":"0"},{"id":"969396079982444594","type":0,"allow":"1049600","deny":"0"},{"id":"969241414561062943","type":0,"allow":"0","deny":"1049600"}]},{"name":"Staff Lounge","type":2,"position":0,"parent":"972359280076423169","permissionOverwrites":[{"id":"969244796713574421","type":0,"allow":"1049600","deny":"0"},{"id":"969241414561062943","type":0,"allow":"0","deny":"1049600"},{"id":"1215448015381336084","type":0,"allow":"1049600","deny":"0"},{"id":"970178359667601449","type":0,"allow":"1049600","deny":"0"},{"id":"969243939649499186","type":0,"allow":"1049600","deny":"0"},{"id":"969395983718940675","type":0,"allow":"0","deny":"0"},{"id":"969245316266225705","type":0,"allow":"0","deny":"0"},{"id":"1088608780427735121","type":0,"allow":"1049600","deny":"0"}]},{"name":"support-ticket","type":0,"position":0,"parent":"969242607169445908","permissionOverwrites":[]},{"name":"oftc-anc","type":0,"position":1,"parent":"972359280076423169","permissionOverwrites":[{"id":"969244796713574421","type":0,"allow":"1049600","deny":"2048"},{"id":"972360711646871572","type":0,"allow":"1024","deny":"2048"},{"id":"972360428757876807","type":0,"allow":"1024","deny":"2048"},{"id":"969395983718940675","type":0,"allow":"0","deny":"0"},{"id":"969243939649499186","type":0,"allow":"1051648","deny":"0"},{"id":"970178359667601449","type":0,"allow":"1049600","deny":"0"},{"id":"969241414561062943","type":0,"allow":"0","deny":"1049600"},{"id":"969245316266225705","type":0,"allow":"0","deny":"0"}]},{"name":"lofi-bot","type":0,"position":6,"parent":"969241414561062945","permissionOverwrites":[{"id":"969396079982444594","type":0,"allow":"1024","deny":"0"},{"id":"969241414561062943","type":0,"allow":"0","deny":"1024"},{"id":"976275979154620426","type":0,"allow":"1024","deny":"0"}]},{"name":"Music Lounge","type":2,"position":2,"parent":"969241414561062945","permissionOverwrites":[{"id":"969396079982444594","type":0,"allow":"1024","deny":"0"},{"id":"969241414561062943","type":0,"allow":"0","deny":"1024"},{"id":"976275979154620426","type":0,"allow":"1024","deny":"0"}]},{"name":"Support Lounge","type":2,"position":0,"parent":"969242607169445908","permissionOverwrites":[]},{"name":"mc-general","type":0,"position":3,"parent":"1094439692298104874","permissionOverwrites":[{"id":"1088608780427735121","type":0,"allow":"1049600","deny":"0"},{"id":"972360711646871572","type":0,"allow":"1049600","deny":"0"},{"id":"972360428757876807","type":0,"allow":"1049600","deny":"0"},{"id":"1094448632050241566","type":0,"allow":"40271798062656","deny":"408051265793"},{"id":"969243939649499186","type":0,"allow":"1049600","deny":"0"},{"id":"970178359667601449","type":0,"allow":"1049600","deny":"0"},{"id":"969396079982444594","type":0,"allow":"1049600","deny":"0"},{"id":"969241414561062943","type":0,"allow":"0","deny":"1049600"},{"id":"969244796713574421","type":0,"allow":"1049600","deny":"0"}]},{"name":"no-mic","type":0,"position":5,"parent":"969241414561062945","permissionOverwrites":[{"id":"969396079982444594","type":0,"allow":"1024","deny":"0"},{"id":"969241414561062943","type":0,"allow":"0","deny":"1024"},{"id":"976275979154620426","type":0,"allow":"1024","deny":"0"}]},{"name":"role-assignment","type":0,"position":3,"parent":"969241414561062944","permissionOverwrites":[]},{"name":"announcments","type":5,"position":0,"parent":"969241414561062944","permissionOverwrites":[{"id":"969241414561062943","type":0,"allow":"0","deny":"2048"}]},{"name":"patch-notes","type":0,"position":6,"parent":"969241414561062944","permissionOverwrites":[]},{"name":"mc-donations","type":0,"position":2,"parent":"1094439692298104874","permissionOverwrites":[{"id":"1088608780427735121","type":0,"allow":"1049600","deny":"0"},{"id":"972360711646871572","type":0,"allow":"1049600","deny":"0"},{"id":"972360428757876807","type":0,"allow":"1049600","deny":"0"},{"id":"1094448632050241566","type":0,"allow":"40132211181120","deny":"70917187631377"},{"id":"969243939649499186","type":0,"allow":"1049600","deny":"0"},{"id":"970178359667601449","type":0,"allow":"1049600","deny":"0"},{"id":"969396079982444594","type":0,"allow":"1049600","deny":"0"},{"id":"969241414561062943","type":0,"allow":"65600","deny":"70903469075456"},{"id":"969244796713574421","type":0,"allow":"1049600","deny":"0"}]},{"name":"ds-anc","type":0,"position":2,"parent":"972359280076423169","permissionOverwrites":[{"id":"972360711646871572","type":0,"allow":"1024","deny":"2048"},{"id":"969243939649499186","type":0,"allow":"1024","deny":"0"},{"id":"970178359667601449","type":0,"allow":"1024","deny":"0"},{"id":"972360428757876807","type":0,"allow":"1024","deny":"2048"},{"id":"969241414561062943","type":0,"allow":"0","deny":"1024"}]},{"name":"pateron","type":0,"position":4,"parent":"969241414561062944","permissionOverwrites":[]},{"name":"Loung #2","type":2,"position":1,"parent":"969241414561062945","permissionOverwrites":[{"id":"969396079982444594","type":0,"allow":"1024","deny":"0"},{"id":"969241414561062943","type":0,"allow":"0","deny":"1024"},{"id":"976275979154620426","type":0,"allow":"1024","deny":"0"}]},{"name":"Development","type":4,"position":4,"parent":null,"permissionOverwrites":[{"id":"970178359667601449","type":0,"allow":"1049600","deny":"0"},{"id":"969243939649499186","type":0,"allow":"1049600","deny":"0"},{"id":"969241414561062943","type":0,"allow":"0","deny":"1049600"},{"id":"969396079982444594","type":0,"allow":"1049600","deny":"0"}]},{"name":"Console Server","type":4,"position":6,"parent":null,"permissionOverwrites":[{"id":"969243939649499186","type":0,"allow":"1049600","deny":"0"},{"id":"969244796713574421","type":0,"allow":"1049600","deny":"0"},{"id":"969241414561062943","type":0,"allow":"0","deny":"1049600"},{"id":"969396079982444594","type":0,"allow":"1049600","deny":"0"},{"id":"970178359667601449","type":0,"allow":"1049600","deny":"0"}]},{"name":"mc-info","type":0,"position":1,"parent":"1094439692298104874","permissionOverwrites":[{"id":"1088608780427735121","type":0,"allow":"1049600","deny":"0"},{"id":"972360711646871572","type":0,"allow":"1049600","deny":"0"},{"id":"972359999714111528","type":0,"allow":"0","deny":"0"},{"id":"972360428757876807","type":0,"allow":"1049600","deny":"0"},{"id":"969245316266225705","type":0,"allow":"32768","deny":"0"},{"id":"1094448632050241566","type":0,"allow":"40271798062656","deny":"408051265793"},{"id":"969243939649499186","type":0,"allow":"1049600","deny":"0"},{"id":"970178359667601449","type":0,"allow":"1049600","deny":"0"},{"id":"969396079982444594","type":0,"allow":"1049600","deny":"0"},{"id":"969241414561062943","type":0,"allow":"0","deny":"1049600"},{"id":"969244796713574421","type":0,"allow":"1049600","deny":"0"}]},{"name":"general","type":0,"position":0,"parent":"969241414561062945","permissionOverwrites":[{"id":"969396079982444594","type":0,"allow":"1024","deny":"0"},{"id":"969241414561062943","type":0,"allow":"0","deny":"1024"},{"id":"976275979154620426","type":0,"allow":"1024","deny":"0"}]},{"name":"Executive Lounge","type":2,"position":1,"parent":"972359280076423169","permissionOverwrites":[{"id":"969243939649499186","type":0,"allow":"1049600","deny":"0"},{"id":"969241414561062943","type":0,"allow":"0","deny":"1049600"}]},{"name":"audit-logs","type":0,"position":11,"parent":"972359280076423169","permissionOverwrites":[{"id":"969245316266225705","type":0,"allow":"0","deny":"0"},{"id":"972360711646871572","type":0,"allow":"0","deny":"3073"},{"id":"972360428757876807","type":0,"allow":"0","deny":"3073"},{"id":"969395983718940675","type":0,"allow":"0","deny":"0"},{"id":"969243939649499186","type":0,"allow":"1049600","deny":"0"},{"id":"970178359667601449","type":0,"allow":"1049600","deny":"0"},{"id":"969241414561062943","type":0,"allow":"0","deny":"1049600"},{"id":"969244796713574421","type":0,"allow":"1048576","deny":"1024"}]},{"name":"mc-kill-feed","type":0,"position":2,"parent":"1063984473852624896","permissionOverwrites":[{"id":"1088608780427735121","type":0,"allow":"1049600","deny":"0"},{"id":"969243939649499186","type":0,"allow":"1049600","deny":"0"},{"id":"970178359667601449","type":0,"allow":"1049600","deny":"0"},{"id":"969396079982444594","type":0,"allow":"1049600","deny":"0"},{"id":"969241414561062943","type":0,"allow":"0","deny":"1049600"}]},{"name":"fadedservers-chat","type":0,"position":6,"parent":"972359280076423169","permissionOverwrites":[{"id":"969243939649499186","type":0,"allow":"1024","deny":"0"},{"id":"970178359667601449","type":0,"allow":"1024","deny":"0"},{"id":"969395983718940675","type":0,"allow":"1024","deny":"0"},{"id":"969241414561062943","type":0,"allow":"0","deny":"1024"},{"id":"1210056407869816833","type":0,"allow":"1024","deny":"0"}]},{"name":"mc-gallery","type":0,"position":4,"parent":"1094439692298104874","permissionOverwrites":[{"id":"1088608780427735121","type":0,"allow":"1049600","deny":"0"},{"id":"972360711646871572","type":0,"allow":"1049600","deny":"0"},{"id":"972360428757876807","type":0,"allow":"1049600","deny":"0"},{"id":"1094448632050241566","type":0,"allow":"40271798062656","deny":"408051265793"},{"id":"969243939649499186","type":0,"allow":"1049600","deny":"0"},{"id":"970178359667601449","type":0,"allow":"1049600","deny":"0"},{"id":"969396079982444594","type":0,"allow":"1049600","deny":"0"},{"id":"969241414561062943","type":0,"allow":"0","deny":"1049600"},{"id":"969244796713574421","type":0,"allow":"1049600","deny":"0"}]},{"name":"dev-chat","type":0,"position":4,"parent":"969417007109910568","permissionOverwrites":[{"id":"969243939649499186","type":0,"allow":"1049600","deny":"0"},{"id":"970178359667601449","type":0,"allow":"1049600","deny":"0"},{"id":"969396079982444594","type":0,"allow":"1049600","deny":"0"},{"id":"969241414561062943","type":0,"allow":"0","deny":"1049600"}]},{"name":"minecraft-chat","type":0,"position":1,"parent":"1063984473852624896","permissionOverwrites":[{"id":"1088608780427735121","type":0,"allow":"1049600","deny":"0"},{"id":"969243939649499186","type":0,"allow":"1049600","deny":"0"},{"id":"969396079982444594","type":0,"allow":"1049600","deny":"0"},{"id":"970178359667601449","type":0,"allow":"1049600","deny":"0"},{"id":"969241414561062943","type":0,"allow":"0","deny":"1049600"}]},{"name":"discord-console","type":0,"position":2,"parent":"969422142691229716","permissionOverwrites":[{"id":"969243939649499186","type":0,"allow":"1049600","deny":"0"},{"id":"970178359667601449","type":0,"allow":"1049600","deny":"0"},{"id":"969396079982444594","type":0,"allow":"1049600","deny":"0"},{"id":"969241414561062943","type":0,"allow":"0","deny":"1049600"},{"id":"969244796713574421","type":0,"allow":"1049600","deny":"0"}]},{"name":"status","type":0,"position":5,"parent":"969241414561062944","permissionOverwrites":[]},{"name":"moderation-logs","type":0,"position":12,"parent":"972359280076423169","permissionOverwrites":[{"id":"1088608780427735121","type":0,"allow":"1048576","deny":"1024"},{"id":"969245316266225705","type":0,"allow":"0","deny":"0"},{"id":"969241414561062943","type":0,"allow":"0","deny":"1049600"},{"id":"969395983718940675","type":0,"allow":"0","deny":"0"},{"id":"969243939649499186","type":0,"allow":"1049600","deny":"0"},{"id":"970178359667601449","type":0,"allow":"1049600","deny":"0"},{"id":"1215448015381336084","type":0,"allow":"1048576","deny":"1024"},{"id":"969244796713574421","type":0,"allow":"1048576","deny":"1024"}]},{"name":"minecraft-console","type":0,"position":4,"parent":"969422142691229716","permissionOverwrites":[{"id":"1088608780427735121","type":0,"allow":"1024","deny":"0"},{"id":"969243939649499186","type":0,"allow":"1049600","deny":"0"},{"id":"970178359667601449","type":0,"allow":"1051648","deny":"0"},{"id":"969396079982444594","type":0,"allow":"1049600","deny":"0"},{"id":"969241414561062943","type":0,"allow":"0","deny":"1049600"},{"id":"969244796713574421","type":0,"allow":"1049600","deny":"0"}]},{"name":"dev-info","type":0,"position":1,"parent":"969417007109910568","permissionOverwrites":[{"id":"969243939649499186","type":0,"allow":"1049600","deny":"0"},{"id":"970178359667601449","type":0,"allow":"1049600","deny":"0"},{"id":"969396079982444594","type":0,"allow":"1049600","deny":"0"},{"id":"969241414561062943","type":0,"allow":"0","deny":"1049600"}]},{"name":"discord-alerts","type":0,"position":10,"parent":"972359280076423169","permissionOverwrites":[{"id":"1088608780427735121","type":0,"allow":"1049600","deny":"0"},{"id":"969244796713574421","type":0,"allow":"1049600","deny":"0"},{"id":"969241414561062943","type":0,"allow":"0","deny":"1049600"},{"id":"969395983718940675","type":0,"allow":"0","deny":"0"},{"id":"969243939649499186","type":0,"allow":"1049600","deny":"0"},{"id":"970178359667601449","type":0,"allow":"1049600","deny":"0"},{"id":"1215448015381336084","type":0,"allow":"1049600","deny":"0"},{"id":"969245316266225705","type":0,"allow":"0","deny":"0"}]},{"name":"tech","type":0,"position":2,"parent":"969241414561062945","permissionOverwrites":[{"id":"969396079982444594","type":0,"allow":"1024","deny":"0"},{"id":"969241414561062943","type":0,"allow":"0","deny":"1024"},{"id":"976275979154620426","type":0,"allow":"1024","deny":"0"}]},{"name":"minecraft-logs","type":0,"position":0,"parent":"1063984473852624896","permissionOverwrites":[{"id":"1088608780427735121","type":0,"allow":"1049600","deny":"0"},{"id":"969243939649499186","type":0,"allow":"1049600","deny":"0"},{"id":"969396079982444594","type":0,"allow":"1049600","deny":"0"},{"id":"970178359667601449","type":0,"allow":"1049600","deny":"0"},{"id":"969241414561062943","type":0,"allow":"0","deny":"1049600"}]},{"name":"Developer Lounge","type":2,"position":0,"parent":"969417007109910568","permissionOverwrites":[{"id":"969243939649499186","type":0,"allow":"1049600","deny":"0"},{"id":"969396079982444594","type":0,"allow":"1049600","deny":"0"},{"id":"969241414561062943","type":0,"allow":"0","deny":"1049600"},{"id":"970178359667601449","type":0,"allow":"1049600","deny":"0"}]},{"name":"discord-anc","type":0,"position":0,"parent":"972359280076423169","permissionOverwrites":[{"id":"969244796713574421","type":0,"allow":"1024","deny":"2048"},{"id":"972360711646871572","type":0,"allow":"1024","deny":"2048"},{"id":"972359999714111528","type":0,"allow":"1024","deny":"0"},{"id":"972360428757876807","type":0,"allow":"1024","deny":"2048"},{"id":"969395983718940675","type":0,"allow":"1024","deny":"0"},{"id":"969243939649499186","type":0,"allow":"1024","deny":"0"},{"id":"970178359667601449","type":0,"allow":"1024","deny":"0"},{"id":"969241414561062943","type":0,"allow":"0","deny":"1024"},{"id":"969245316266225705","type":0,"allow":"1024","deny":"0"}]},{"name":"MC Voice 1","type":2,"position":0,"parent":"1094439692298104874","permissionOverwrites":[{"id":"1088608780427735121","type":0,"allow":"1049600","deny":"0"},{"id":"972360711646871572","type":0,"allow":"1049600","deny":"0"},{"id":"972360428757876807","type":0,"allow":"1049600","deny":"0"},{"id":"1094448632050241566","type":0,"allow":"40271798062656","deny":"408051265793"},{"id":"969243939649499186","type":0,"allow":"1049600","deny":"0"},{"id":"970178359667601449","type":0,"allow":"1049600","deny":"0"},{"id":"969396079982444594","type":0,"allow":"1049600","deny":"0"},{"id":"969241414561062943","type":0,"allow":"0","deny":"1049600"},{"id":"969244796713574421","type":0,"allow":"1049600","deny":"0"}]},{"name":"executive-chat","type":0,"position":4,"parent":"972359280076423169","permissionOverwrites":[{"id":"969243939649499186","type":0,"allow":"1024","deny":"0"},{"id":"969241414561062943","type":0,"allow":"0","deny":"1024"}]},{"name":"bot-commands","type":0,"position":4,"parent":"969241414561062945","permissionOverwrites":[{"id":"969396079982444594","type":0,"allow":"1024","deny":"0"},{"id":"969241414561062943","type":0,"allow":"0","deny":"1024"},{"id":"976275979154620426","type":0,"allow":"1024","deny":"0"}]},{"name":"dev-testing","type":0,"position":5,"parent":"969417007109910568","permissionOverwrites":[{"id":"969243939649499186","type":0,"allow":"1049600","deny":"0"},{"id":"970178359667601449","type":0,"allow":"1049600","deny":"0"},{"id":"969396079982444594","type":0,"allow":"1049600","deny":"0"},{"id":"969241414561062943","type":0,"allow":"0","deny":"1049600"}]},{"name":"Cafe","type":4,"position":2,"parent":null,"permissionOverwrites":[{"id":"969396079982444594","type":0,"allow":"1024","deny":"0"},{"id":"969241414561062943","type":0,"allow":"0","deny":"1024"},{"id":"976275979154620426","type":0,"allow":"1024","deny":"0"}]},{"name":"fivem-console","type":0,"position":5,"parent":"969422142691229716","permissionOverwrites":[{"id":"969243939649499186","type":0,"allow":"1024","deny":"0"},{"id":"970178359667601449","type":0,"allow":"1024","deny":"0"},{"id":"969396079982444594","type":0,"allow":"1024","deny":"0"},{"id":"969241414561062943","type":0,"allow":"0","deny":"1024"}]},{"name":"mc-staff","type":0,"position":9,"parent":"972359280076423169","permissionOverwrites":[{"id":"1088608780427735121","type":0,"allow":"1024","deny":"0"},{"id":"969243939649499186","type":0,"allow":"1024","deny":"0"},{"id":"970178359667601449","type":0,"allow":"1024","deny":"0"},{"id":"969241414561062943","type":0,"allow":"0","deny":"1024"}]},{"name":"main-enterance","type":0,"position":2,"parent":"969241414561062944","permissionOverwrites":[{"id":"969241414561062943","type":0,"allow":"66560","deny":"535529191505"}]},{"name":"Staff Office","type":4,"position":5,"parent":null,"permissionOverwrites":[{"id":"969244796713574421","type":0,"allow":"1049600","deny":"0"},{"id":"969241414561062943","type":0,"allow":"0","deny":"1049600"},{"id":"1215448015381336084","type":0,"allow":"1049600","deny":"0"},{"id":"970178359667601449","type":0,"allow":"1049600","deny":"0"},{"id":"969243939649499186","type":0,"allow":"1049600","deny":"0"},{"id":"969395983718940675","type":0,"allow":"0","deny":"0"},{"id":"969245316266225705","type":0,"allow":"0","deny":"0"},{"id":"1088608780427735121","type":0,"allow":"1049600","deny":"0"}]},{"name":"mc-anc","type":5,"position":0,"parent":"1094439692298104874","permissionOverwrites":[{"id":"1088608780427735121","type":0,"allow":"1051648","deny":"0"},{"id":"972360711646871572","type":0,"allow":"1049600","deny":"0"},{"id":"972360428757876807","type":0,"allow":"1049600","deny":"0"},{"id":"1094448632050241566","type":0,"allow":"40271798060608","deny":"408051267841"},{"id":"969243939649499186","type":0,"allow":"1049600","deny":"0"},{"id":"970178359667601449","type":0,"allow":"1049600","deny":"0"},{"id":"969396079982444594","type":0,"allow":"1049600","deny":"0"},{"id":"969241414561062943","type":0,"allow":"0","deny":"1049600"},{"id":"969244796713574421","type":0,"allow":"1049600","deny":"0"}]},{"name":"Mommers Co","type":4,"position":1,"parent":null,"permissionOverwrites":[]},{"name":"Gaming Lounge","type":2,"position":3,"parent":"969241414561062945","permissionOverwrites":[{"id":"969396079982444594","type":0,"allow":"1024","deny":"0"},{"id":"969241414561062943","type":0,"allow":"0","deny":"1024"},{"id":"976275979154620426","type":0,"allow":"1024","deny":"0"}]},{"name":"arma3-console","type":0,"position":3,"parent":"969422142691229716","permissionOverwrites":[{"id":"969243939649499186","type":0,"allow":"1049600","deny":"0"},{"id":"970178359667601449","type":0,"allow":"1049600","deny":"0"},{"id":"969396079982444594","type":0,"allow":"1049600","deny":"0"},{"id":"969241414561062943","type":0,"allow":"0","deny":"1049600"},{"id":"969244796713574421","type":0,"allow":"1049600","deny":"0"}]},{"name":"dev-anc","type":0,"position":0,"parent":"969417007109910568","permissionOverwrites":[{"id":"969243939649499186","type":0,"allow":"1049600","deny":"0"},{"id":"970178359667601449","type":0,"allow":"1049600","deny":"0"},{"id":"969396079982444594","type":0,"allow":"1049600","deny":"0"},{"id":"969241414561062943","type":0,"allow":"0","deny":"1049600"}]},{"name":"MC Voice 2","type":2,"position":1,"parent":"1094439692298104874","permissionOverwrites":[{"id":"1088608780427735121","type":0,"allow":"1049600","deny":"0"},{"id":"972360711646871572","type":0,"allow":"1049600","deny":"0"},{"id":"972360428757876807","type":0,"allow":"1049600","deny":"0"},{"id":"1094448632050241566","type":0,"allow":"40271798062656","deny":"408051265793"},{"id":"969243939649499186","type":0,"allow":"1049600","deny":"0"},{"id":"970178359667601449","type":0,"allow":"1049600","deny":"0"},{"id":"969396079982444594","type":0,"allow":"1049600","deny":"0"},{"id":"969241414561062943","type":0,"allow":"0","deny":"1049600"},{"id":"969244796713574421","type":0,"allow":"1049600","deny":"0"}]},{"name":"info-rules","type":0,"position":1,"parent":"969241414561062944","permissionOverwrites":[{"id":"969241414561062943","type":0,"allow":"0","deny":"2048"}]},{"name":"Mommers Co","type":4,"position":0,"parent":null,"permissionOverwrites":[]},{"name":"Cafe","type":4,"position":1,"parent":null,"permissionOverwrites":[]},{"name":"welcome","type":0,"position":0,"parent":"1215075282629824573","permissionOverwrites":[]},{"name":"info-rules","type":0,"position":2,"parent":"1215075282629824572","permissionOverwrites":[]},{"name":"moderator-only","type":0,"position":0,"parent":null,"permissionOverwrites":[{"id":"1215075281161687110","type":0,"allow":"0","deny":"1024"}]},{"name":"announcements","type":5,"position":1,"parent":"1215075282629824572","permissionOverwrites":[{"id":"1215075281161687110","type":0,"allow":"0","deny":"2048"}]},{"name":"company-anc","type":0,"position":0,"parent":"1215075282629824572","permissionOverwrites":[]}]
