[{"id":"969241414561062943","name":"@everyone","color":0,"hoist":false,"position":0,"permissions":"2222085186637377","mentionable":false},{"id":"969243939649499186","name":"Office Of The CEO","color":8069026,"hoist":true,"position":14,"permissions":"1071698529857","mentionable":false},{"id":"969244796713574421","name":"Company Staff","color":3447003,"hoist":true,"position":13,"permissions":"1071698529857","mentionable":false},{"id":"969245316266225705","name":"Discord Administrator","color":0,"hoist":false,"position":20,"permissions":"1998912139292671","mentionable":true},{"id":"969395983718940675","name":"Mommers Co","color":3447003,"hoist":true,"position":18,"permissions":"873012232449791","mentionable":false},{"id":"969396079982444594","name":"Bots","color":0,"hoist":true,"position":7,"permissions":"1071727898305","mentionable":false},{"id":"970178359667601449","name":"Game Servers","color":15105570,"hoist":true,"position":17,"permissions":"1071631552192","mentionable":false},{"id":"972359999714111528","name":"System Administrator","color":0,"hoist":false,"position":19,"permissions":"28587302317823","mentionable":true},{"id":"972360304988135424","name":"Development Team","color":15844367,"hoist":true,"position":12,"permissions":"1071698529857","mentionable":false},{"id":"972360428757876807","name":"Discord Moderator","color":1752220,"hoist":false,"position":11,"permissions":"2188822048455","mentionable":false},{"id":"972360711646871572","name":"Discord Support","color":3066993,"hoist":false,"position":10,"permissions":"2171374259907","mentionable":false},{"id":"976275979154620426","name":"Member","color":0,"hoist":true,"position":3,"permissions":"282546675240512","mentionable":false},{"id":"976278722997022731","name":"Donator","color":15844367,"hoist":true,"position":6,"permissions":"1071698529857","mentionable":false},{"id":"977054865090031619","name":"Lofi Radio","color":0,"hoist":false,"position":2,"permissions":"66407488","mentionable":false},{"id":"1088608780427735121","name":"Game Staff","color":1146986,"hoist":true,"position":8,"permissions":"0","mentionable":false},{"id":"1094448632050241566","name":"Minecaft SMP Crew","color":0,"hoist":false,"position":4,"permissions":"0","mentionable":false},{"id":"1165570117900443768","name":"FiveM","color":0,"hoist":false,"position":15,"permissions":"388761767104","mentionable":false},{"id":"1172477836288856094","name":"Astrix World","color":0,"hoist":false,"position":16,"permissions":"939532464","mentionable":false},{"id":"1210056407869816833","name":"FadedServers","color":3447003,"hoist":false,"position":5,"permissions":"0","mentionable":false},{"id":"1215448015381336084","name":"Discord Staff","color":0,"hoist":true,"position":9,"permissions":"0","mentionable":true},{"id":"1277517618869174355","name":"Development Bot","color":0,"hoist":false,"position":1,"permissions":"8","mentionable":false},{"id":"1262731510935457803","name":"@everyone","color":0,"hoist":false,"position":0,"permissions":"2248473465835073","mentionable":false},{"id":"1262731722785820736","name":"Arma-Life","color":0,"hoist":true,"position":4,"permissions":"8","mentionable":false},{"id":"1277511469734301706","name":"admin","color":0,"hoist":false,"position":3,"permissions":"8","mentionable":false},{"id":"1277511635694649366","name":"Development Bot","color":0,"hoist":false,"position":2,"permissions":"2108859006582527","mentionable":false},{"id":"1277512334931132427","name":"Memer","color":0,"hoist":false,"position":1,"permissions":"0","mentionable":false}]
