[{"name":"@everyone","color":0,"hoist":false,"position":0,"permissions":"2222085186637377","mentionable":false},{"name":"Office Of The CEO","color":8069026,"hoist":true,"position":14,"permissions":"1071698529857","mentionable":false},{"name":"Company Staff","color":3447003,"hoist":true,"position":13,"permissions":"1071698529857","mentionable":false},{"name":"Discord Administrator","color":0,"hoist":false,"position":20,"permissions":"1998912139292671","mentionable":true},{"name":"Mommers Co","color":3447003,"hoist":true,"position":18,"permissions":"873012232449791","mentionable":false},{"name":"Bots","color":0,"hoist":true,"position":7,"permissions":"1071727898305","mentionable":false},{"name":"Game Servers","color":15105570,"hoist":true,"position":17,"permissions":"1071631552192","mentionable":false},{"name":"System Administrator","color":0,"hoist":false,"position":19,"permissions":"28587302317823","mentionable":true},{"name":"Discord Moderator","color":1752220,"hoist":false,"position":11,"permissions":"2188822048455","mentionable":false},{"name":"Discord Support","color":3066993,"hoist":false,"position":10,"permissions":"2171374259907","mentionable":false},{"name":"Member","color":0,"hoist":true,"position":3,"permissions":"282546675240512","mentionable":false},{"name":"Donator","color":15844367,"hoist":true,"position":6,"permissions":"1071698529857","mentionable":false},{"name":"Lofi Radio","color":0,"hoist":false,"position":2,"permissions":"66407488","mentionable":false},{"name":"Game Staff","color":1146986,"hoist":true,"position":8,"permissions":"0","mentionable":false},{"name":"Minecaft SMP Crew","color":0,"hoist":false,"position":4,"permissions":"0","mentionable":false},{"name":"FiveM","color":0,"hoist":false,"position":15,"permissions":"388761767104","mentionable":false},{"name":"Astrix World","color":0,"hoist":false,"position":16,"permissions":"939532464","mentionable":false},{"name":"FadedServers","color":3447003,"hoist":false,"position":5,"permissions":"0","mentionable":false},{"name":"Discord Staff","color":0,"hoist":true,"position":9,"permissions":"0","mentionable":true},{"name":"Development Bot","color":0,"hoist":false,"position":1,"permissions":"8","mentionable":false},{"name":"Development Team","color":15844367,"hoist":true,"position":12,"permissions":"1071698529857","mentionable":false},{"name":"@everyone","color":0,"hoist":false,"position":0,"permissions":"2222085186637377","mentionable":false},{"name":"Discord Administrator","color":0,"hoist":false,"position":2,"permissions":"420009146318591","mentionable":false},{"name":"Mommers Co","color":0,"hoist":true,"position":1,"permissions":"8","mentionable":false}]
